[{"id":"0","station_id":"0","name":"Arnot Power Station","capacity_mw":"370","source":"Eskom Integrated Report 2022","source_link":"https:\/\/www.eskom.co.za\/wp-content\/uploads\/2022\/12\/2022_integrated_report.pdf","page":"150","notes":""},{"id":"1","station_id":"0","name":"Arnot Power Station","capacity_mw":"370","source":"Eskom Integrated Report 2023","source_link":"https:\/\/www.eskom.co.za\/wp-content\/uploads\/2022\/12\/2022_integrated_report.pdf","page":"150","notes":""},{"id":"2","station_id":"0","name":"Arnot Power Station","capacity_mw":"370","source":"Eskom Integrated Report 2024","source_link":"https:\/\/www.eskom.co.za\/wp-content\/uploads\/2022\/12\/2022_integrated_report.pdf","page":"150","notes":""},{"id":"3","station_id":"0","name":"Arnot Power Station","capacity_mw":"370","source":"Eskom Integrated Report 2025","source_link":"https:\/\/www.eskom.co.za\/wp-content\/uploads\/2022\/12\/2022_integrated_report.pdf","page":"150","notes":""},{"id":"4","station_id":"0","name":"Arnot Power Station","capacity_mw":"370","source":"Eskom Integrated Report 2026","source_link":"https:\/\/www.eskom.co.za\/wp-content\/uploads\/2022\/12\/2022_integrated_report.pdf","page":"150","notes":""},{"id":"5","station_id":"0","name":"Arnot Power Station","capacity_mw":"370","source":"Eskom Integrated Report 2027","source_link":"https:\/\/www.eskom.co.za\/wp-content\/uploads\/2022\/12\/2022_integrated_report.pdf","page":"150","notes":""},{"id":"6","station_id":"1","name":"Camden Powwer Station","capacity_mw":"200","source":"Eskom Integrated Report 2028","source_link":"https:\/\/www.eskom.co.za\/wp-content\/uploads\/2022\/12\/2022_integrated_report.pdf","page":"150","notes":""},{"id":"7","station_id":"1","name":"Camden Powwer Station","capacity_mw":"200","source":"Eskom Integrated Report 2029","source_link":"https:\/\/www.eskom.co.za\/wp-content\/uploads\/2022\/12\/2022_integrated_report.pdf","page":"150","notes":""},{"id":"8","station_id":"1","name":"Camden Powwer Station","capacity_mw":"200","source":"Eskom Integrated Report 2030","source_link":"https:\/\/www.eskom.co.za\/wp-content\/uploads\/2022\/12\/2022_integrated_report.pdf","page":"150","notes":""},{"id":"9","station_id":"1","name":"Camden Powwer Station","capacity_mw":"196","source":"Eskom Integrated Report 2031","source_link":"https:\/\/www.eskom.co.za\/wp-content\/uploads\/2022\/12\/2022_integrated_report.pdf","page":"150","notes":""},{"id":"10","station_id":"1","name":"Camden Powwer Station","capacity_mw":"195","source":"Eskom Integrated Report 2032","source_link":"https:\/\/www.eskom.co.za\/wp-content\/uploads\/2022\/12\/2022_integrated_report.pdf","page":"150","notes":""},{"id":"11","station_id":"1","name":"Camden Powwer Station","capacity_mw":"195","source":"Eskom Integrated Report 2033","source_link":"https:\/\/www.eskom.co.za\/wp-content\/uploads\/2022\/12\/2022_integrated_report.pdf","page":"150","notes":""},{"id":"12","station_id":"1","name":"Camden Powwer Station","capacity_mw":"190","source":"Eskom Integrated Report 2034","source_link":"https:\/\/www.eskom.co.za\/wp-content\/uploads\/2022\/12\/2022_integrated_report.pdf","page":"150","notes":""},{"id":"13","station_id":"1","name":"Camden Powwer Station","capacity_mw":"185","source":"Eskom Integrated Report 2035","source_link":"https:\/\/www.eskom.co.za\/wp-content\/uploads\/2022\/12\/2022_integrated_report.pdf","page":"150","notes":""},{"id":"14","station_id":"2","name":"Duvha Power Station","capacity_mw":"600","source":"Eskom Integrated Report 2022","source_link":"https:\/\/www.eskom.co.za\/wp-content\/uploads\/2022\/12\/2022_integrated_report.pdf","page":"150","notes":""},{"id":"15","station_id":"2","name":"Duvha Power Station","capacity_mw":"600","source":"Eskom Integrated Report 2022","source_link":"https:\/\/www.eskom.co.za\/wp-content\/uploads\/2022\/12\/2022_integrated_report.pdf","page":"150","notes":""},{"id":"16","station_id":"2","name":"Duvha Power Station","capacity_mw":"600","source":"Eskom Integrated Report 2022","source_link":"https:\/\/www.eskom.co.za\/wp-content\/uploads\/2022\/12\/2022_integrated_report.pdf","page":"150","notes":""},{"id":"17","station_id":"2","name":"Duvha Power Station","capacity_mw":"600","source":"Eskom Integrated Report 2022","source_link":"https:\/\/www.eskom.co.za\/wp-content\/uploads\/2022\/12\/2022_integrated_report.pdf","page":"150","notes":""},{"id":"18","station_id":"2","name":"Duvha Power Station","capacity_mw":"600","source":"Eskom Integrated Report 2022","source_link":"https:\/\/www.eskom.co.za\/wp-content\/uploads\/2022\/12\/2022_integrated_report.pdf","page":"150","notes":""},{"id":"19","station_id":"3","name":"Grootvlei Power Station","capacity_mw":"200","source":"Eskom Integrated Report 2022","source_link":"https:\/\/www.eskom.co.za\/wp-content\/uploads\/2022\/12\/2022_integrated_report.pdf","page":"150","notes":""},{"id":"20","station_id":"3","name":"Grootvlei Power Station","capacity_mw":"200","source":"Eskom Integrated Report 2022","source_link":"https:\/\/www.eskom.co.za\/wp-content\/uploads\/2022\/12\/2022_integrated_report.pdf","page":"150","notes":""},{"id":"21","station_id":"3","name":"Grootvlei Power Station","capacity_mw":"200","source":"Eskom Integrated Report 2022","source_link":"https:\/\/www.eskom.co.za\/wp-content\/uploads\/2022\/12\/2022_integrated_report.pdf","page":"150","notes":""},{"id":"22","station_id":"3","name":"Grootvlei Power Station","capacity_mw":"200","source":"Eskom Integrated Report 2022","source_link":"https:\/\/www.eskom.co.za\/wp-content\/uploads\/2022\/12\/2022_integrated_report.pdf","page":"150","notes":""},{"id":"23","station_id":"3","name":"Grootvlei Power Station","capacity_mw":"190","source":"Eskom Integrated Report 2022","source_link":"https:\/\/www.eskom.co.za\/wp-content\/uploads\/2022\/12\/2022_integrated_report.pdf","page":"150","notes":""},{"id":"24","station_id":"3","name":"Grootvlei Power Station","capacity_mw":"190","source":"Eskom Integrated Report 2022","source_link":"https:\/\/www.eskom.co.za\/wp-content\/uploads\/2022\/12\/2022_integrated_report.pdf","page":"150","notes":""},{"id":"25","station_id":"4","name":"Hendrina Power Station","capacity_mw":"200","source":"Eskom Integrated Report 2022","source_link":"https:\/\/www.eskom.co.za\/wp-content\/uploads\/2022\/12\/2022_integrated_report.pdf","page":"150","notes":""},{"id":"26","station_id":"4","name":"Hendrina Power Station","capacity_mw":"200","source":"Eskom Integrated Report 2022","source_link":"https:\/\/www.eskom.co.za\/wp-content\/uploads\/2022\/12\/2022_integrated_report.pdf","page":"150","notes":""},{"id":"27","station_id":"4","name":"Hendrina Power Station","capacity_mw":"200","source":"Eskom Integrated Report 2022","source_link":"https:\/\/www.eskom.co.za\/wp-content\/uploads\/2022\/12\/2022_integrated_report.pdf","page":"150","notes":""},{"id":"28","station_id":"4","name":"Hendrina Power Station","capacity_mw":"200","source":"Eskom Integrated Report 2022","source_link":"https:\/\/www.eskom.co.za\/wp-content\/uploads\/2022\/12\/2022_integrated_report.pdf","page":"150","notes":""},{"id":"29","station_id":"4","name":"Hendrina Power Station","capacity_mw":"200","source":"Eskom Integrated Report 2022","source_link":"https:\/\/www.eskom.co.za\/wp-content\/uploads\/2022\/12\/2022_integrated_report.pdf","page":"150","notes":""},{"id":"30","station_id":"4","name":"Hendrina Power Station","capacity_mw":"195","source":"Eskom Integrated Report 2022","source_link":"https:\/\/www.eskom.co.za\/wp-content\/uploads\/2022\/12\/2022_integrated_report.pdf","page":"150","notes":""},{"id":"31","station_id":"4","name":"Hendrina Power Station","capacity_mw":"191","source":"Eskom Integrated Report 2022","source_link":"https:\/\/www.eskom.co.za\/wp-content\/uploads\/2022\/12\/2022_integrated_report.pdf","page":"150","notes":""},{"id":"32","station_id":"4","name":"Hendrina Power Station","capacity_mw":"170","source":"Eskom Integrated Report 2022","source_link":"https:\/\/www.eskom.co.za\/wp-content\/uploads\/2022\/12\/2022_integrated_report.pdf","page":"150","notes":""},{"id":"33","station_id":"4","name":"Hendrina Power Station","capacity_mw":"167","source":"Eskom Integrated Report 2022","source_link":"https:\/\/www.eskom.co.za\/wp-content\/uploads\/2022\/12\/2022_integrated_report.pdf","page":"150","notes":""},{"id":"34","station_id":"5","name":"Kelvin Power Station","capacity_mw":"30","source":"Wikipedia","source_link":"https:\/\/en.wikipedia.org\/wiki\/Kelvin_Power_Station","page":"","notes":"Units from Station shut down in 2012"},{"id":"35","station_id":"5","name":"Kelvin Power Station","capacity_mw":"30","source":"Wikipedia","source_link":"https:\/\/en.wikipedia.org\/wiki\/Kelvin_Power_Station","page":"","notes":"Units from Station shut down in 2012"},{"id":"36","station_id":"5","name":"Kelvin Power Station","capacity_mw":"30","source":"Wikipedia","source_link":"https:\/\/en.wikipedia.org\/wiki\/Kelvin_Power_Station","page":"","notes":"Units from Station shut down in 2012"},{"id":"37","station_id":"5","name":"Kelvin Power Station","capacity_mw":"30","source":"Wikipedia","source_link":"https:\/\/en.wikipedia.org\/wiki\/Kelvin_Power_Station","page":"","notes":"Units from Station shut down in 2012"},{"id":"38","station_id":"5","name":"Kelvin Power Station","capacity_mw":"30","source":"Wikipedia","source_link":"https:\/\/en.wikipedia.org\/wiki\/Kelvin_Power_Station","page":"","notes":"Units from Station shut down in 2012"},{"id":"39","station_id":"5","name":"Kelvin Power Station","capacity_mw":"30","source":"Wikipedia","source_link":"https:\/\/en.wikipedia.org\/wiki\/Kelvin_Power_Station","page":"","notes":"Units from Station shut down in 2012"},{"id":"40","station_id":"5","name":"Kelvin Power Station","capacity_mw":"60","source":"Wikipedia","source_link":"https:\/\/en.wikipedia.org\/wiki\/Kelvin_Power_Station","page":"","notes":"Units from station b"},{"id":"41","station_id":"5","name":"Kelvin Power Station","capacity_mw":"60","source":"Wikipedia","source_link":"https:\/\/en.wikipedia.org\/wiki\/Kelvin_Power_Station","page":"","notes":"Units from station b"},{"id":"42","station_id":"5","name":"Kelvin Power Station","capacity_mw":"60","source":"Wikipedia","source_link":"https:\/\/en.wikipedia.org\/wiki\/Kelvin_Power_Station","page":"","notes":"Units from station b"},{"id":"43","station_id":"5","name":"Kelvin Power Station","capacity_mw":"60","source":"Wikipedia","source_link":"https:\/\/en.wikipedia.org\/wiki\/Kelvin_Power_Station","page":"","notes":"Units from station b"},{"id":"44","station_id":"5","name":"Kelvin Power Station","capacity_mw":"60","source":"Wikipedia","source_link":"https:\/\/en.wikipedia.org\/wiki\/Kelvin_Power_Station","page":"","notes":"Units from station b"},{"id":"45","station_id":"5","name":"Kelvin Power Station","capacity_mw":"60","source":"Wikipedia","source_link":"https:\/\/en.wikipedia.org\/wiki\/Kelvin_Power_Station","page":"","notes":"Units from station b"},{"id":"46","station_id":"6","name":"Kendal Power Station","capacity_mw":"686","source":"Eskom Integrated Report 2022","source_link":"https:\/\/www.eskom.co.za\/wp-content\/uploads\/2022\/12\/2022_integrated_report.pdf","page":"150","notes":""},{"id":"47","station_id":"6","name":"Kendal Power Station","capacity_mw":"686","source":"Eskom Integrated Report 2022","source_link":"https:\/\/www.eskom.co.za\/wp-content\/uploads\/2022\/12\/2022_integrated_report.pdf","page":"150","notes":""},{"id":"48","station_id":"6","name":"Kendal Power Station","capacity_mw":"686","source":"Eskom Integrated Report 2022","source_link":"https:\/\/www.eskom.co.za\/wp-content\/uploads\/2022\/12\/2022_integrated_report.pdf","page":"150","notes":""},{"id":"49","station_id":"6","name":"Kendal Power Station","capacity_mw":"686","source":"Eskom Integrated Report 2022","source_link":"https:\/\/www.eskom.co.za\/wp-content\/uploads\/2022\/12\/2022_integrated_report.pdf","page":"150","notes":""},{"id":"50","station_id":"6","name":"Kendal Power Station","capacity_mw":"686","source":"Eskom Integrated Report 2022","source_link":"https:\/\/www.eskom.co.za\/wp-content\/uploads\/2022\/12\/2022_integrated_report.pdf","page":"150","notes":""},{"id":"51","station_id":"6","name":"Kendal Power Station","capacity_mw":"686","source":"Eskom Integrated Report 2022","source_link":"https:\/\/www.eskom.co.za\/wp-content\/uploads\/2022\/12\/2022_integrated_report.pdf","page":"150","notes":""},{"id":"52","station_id":"7","name":"Komati Power Station","capacity_mw":"100","source":"Eskom Integrated Report 2022","source_link":"https:\/\/www.eskom.co.za\/wp-content\/uploads\/2022\/12\/2022_integrated_report.pdf","page":"150","notes":""},{"id":"53","station_id":"7","name":"Komati Power Station","capacity_mw":"100","source":"Eskom Integrated Report 2022","source_link":"https:\/\/www.eskom.co.za\/wp-content\/uploads\/2022\/12\/2022_integrated_report.pdf","page":"150","notes":""},{"id":"54","station_id":"7","name":"Komati Power Station","capacity_mw":"100","source":"Eskom Integrated Report 2022","source_link":"https:\/\/www.eskom.co.za\/wp-content\/uploads\/2022\/12\/2022_integrated_report.pdf","page":"150","notes":""},{"id":"55","station_id":"7","name":"Komati Power Station","capacity_mw":"100","source":"Eskom Integrated Report 2022","source_link":"https:\/\/www.eskom.co.za\/wp-content\/uploads\/2022\/12\/2022_integrated_report.pdf","page":"150","notes":""},{"id":"56","station_id":"7","name":"Komati Power Station","capacity_mw":"125","source":"Eskom Integrated Report 2022","source_link":"https:\/\/www.eskom.co.za\/wp-content\/uploads\/2022\/12\/2022_integrated_report.pdf","page":"150","notes":""},{"id":"57","station_id":"7","name":"Komati Power Station","capacity_mw":"125","source":"Eskom Integrated Report 2022","source_link":"https:\/\/www.eskom.co.za\/wp-content\/uploads\/2022\/12\/2022_integrated_report.pdf","page":"150","notes":""},{"id":"58","station_id":"7","name":"Komati Power Station","capacity_mw":"125","source":"Eskom Integrated Report 2022","source_link":"https:\/\/www.eskom.co.za\/wp-content\/uploads\/2022\/12\/2022_integrated_report.pdf","page":"150","notes":""},{"id":"59","station_id":"7","name":"Komati Power Station","capacity_mw":"125","source":"Eskom Integrated Report 2022","source_link":"https:\/\/www.eskom.co.za\/wp-content\/uploads\/2022\/12\/2022_integrated_report.pdf","page":"150","notes":""},{"id":"60","station_id":"7","name":"Komati Power Station","capacity_mw":"90","source":"Eskom Integrated Report 2022","source_link":"https:\/\/www.eskom.co.za\/wp-content\/uploads\/2022\/12\/2022_integrated_report.pdf","page":"150","notes":""},{"id":"61","station_id":"8","name":"Kriel Power Station","capacity_mw":"430","source":"Eskom Integrated Report 2022","source_link":"https:\/\/www.eskom.co.za\/wp-content\/uploads\/2022\/12\/2022_integrated_report.pdf","page":"150","notes":""},{"id":"62","station_id":"8","name":"Kriel Power Station","capacity_mw":"430","source":"Eskom Integrated Report 2023","source_link":"https:\/\/www.eskom.co.za\/wp-content\/uploads\/2023\/10\/Eskom_integrated_report_2023.pdf","page":"166","notes":""},{"id":"63","station_id":"8","name":"Kriel Power Station","capacity_mw":"430","source":"Eskom Integrated Report 2023","source_link":"https:\/\/www.eskom.co.za\/wp-content\/uploads\/2023\/10\/Eskom_integrated_report_2023.pdf","page":"166","notes":""},{"id":"64","station_id":"8","name":"Kriel Power Station","capacity_mw":"500","source":"Eskom Integrated Report 2023","source_link":"https:\/\/www.eskom.co.za\/wp-content\/uploads\/2023\/10\/Eskom_integrated_report_2023.pdf","page":"166","notes":""},{"id":"65","station_id":"8","name":"Kriel Power Station","capacity_mw":"500","source":"Eskom Integrated Report 2022","source_link":"https:\/\/www.eskom.co.za\/wp-content\/uploads\/2022\/12\/2022_integrated_report.pdf","page":"150","notes":""},{"id":"66","station_id":"8","name":"Kriel Power Station","capacity_mw":"500","source":"Eskom Integrated Report 2022","source_link":"https:\/\/www.eskom.co.za\/wp-content\/uploads\/2022\/12\/2022_integrated_report.pdf","page":"150","notes":""},{"id":"67","station_id":"9","name":"Kusile Power Station","capacity_mw":"799","source":"Eskom Integrated Report 2022","source_link":"https:\/\/www.eskom.co.za\/wp-content\/uploads\/2022\/12\/2022_integrated_report.pdf","page":"150","notes":""},{"id":"68","station_id":"9","name":"Kusile Power Station","capacity_mw":"799","source":"Eskom Integrated Report 2022","source_link":"https:\/\/www.eskom.co.za\/wp-content\/uploads\/2022\/12\/2022_integrated_report.pdf","page":"150","notes":""},{"id":"69","station_id":"9","name":"Kusile Power Station","capacity_mw":"799","source":"Eskom Integrated Report 2022","source_link":"https:\/\/www.eskom.co.za\/wp-content\/uploads\/2022\/12\/2022_integrated_report.pdf","page":"150","notes":""},{"id":"70","station_id":"9","name":"Kusile Power Station","capacity_mw":"799","source":"Eskom Integrated Report 2023","source_link":"https:\/\/www.eskom.co.za\/wp-content\/uploads\/2023\/10\/Eskom_integrated_report_2023.pdf","page":"166","notes":""},{"id":"71","station_id":"9","name":"Kusile Power Station","capacity_mw":"800","source":"Eskom Integrated Report 2022","source_link":"https:\/\/www.eskom.co.za\/wp-content\/uploads\/2022\/12\/2022_integrated_report.pdf","page":"150","notes":""},{"id":"72","station_id":"9","name":"Kusile Power Station","capacity_mw":"800","source":"Eskom Integrated Report 2022","source_link":"https:\/\/www.eskom.co.za\/wp-content\/uploads\/2022\/12\/2022_integrated_report.pdf","page":"150","notes":""},{"id":"73","station_id":"10","name":"Lethabo Power Station","capacity_mw":"618","source":"Eskom Integrated Report 2022","source_link":"https:\/\/www.eskom.co.za\/wp-content\/uploads\/2022\/12\/2022_integrated_report.pdf","page":"150","notes":""},{"id":"74","station_id":"10","name":"Lethabo Power Station","capacity_mw":"618","source":"Eskom Integrated Report 2022","source_link":"https:\/\/www.eskom.co.za\/wp-content\/uploads\/2022\/12\/2022_integrated_report.pdf","page":"150","notes":""},{"id":"75","station_id":"10","name":"Lethabo Power Station","capacity_mw":"618","source":"Eskom Integrated Report 2022","source_link":"https:\/\/www.eskom.co.za\/wp-content\/uploads\/2022\/12\/2022_integrated_report.pdf","page":"150","notes":""},{"id":"76","station_id":"10","name":"Lethabo Power Station","capacity_mw":"618","source":"Eskom Integrated Report 2022","source_link":"https:\/\/www.eskom.co.za\/wp-content\/uploads\/2022\/12\/2022_integrated_report.pdf","page":"150","notes":""},{"id":"77","station_id":"10","name":"Lethabo Power Station","capacity_mw":"618","source":"Eskom Integrated Report 2022","source_link":"https:\/\/www.eskom.co.za\/wp-content\/uploads\/2022\/12\/2022_integrated_report.pdf","page":"150","notes":""},{"id":"78","station_id":"10","name":"Lethabo Power Station","capacity_mw":"618","source":"Eskom Integrated Report 2022","source_link":"https:\/\/www.eskom.co.za\/wp-content\/uploads\/2022\/12\/2022_integrated_report.pdf","page":"150","notes":""},{"id":"79","station_id":"11","name":"Majuba Power Station","capacity_mw":"657","source":"Eskom Integrated Report 2022","source_link":"https:\/\/www.eskom.co.za\/wp-content\/uploads\/2022\/12\/2022_integrated_report.pdf","page":"150","notes":""},{"id":"80","station_id":"11","name":"Majuba Power Station","capacity_mw":"657","source":"Eskom Integrated Report 2022","source_link":"https:\/\/www.eskom.co.za\/wp-content\/uploads\/2022\/12\/2022_integrated_report.pdf","page":"150","notes":""},{"id":"81","station_id":"11","name":"Majuba Power Station","capacity_mw":"657","source":"Eskom Integrated Report 2022","source_link":"https:\/\/www.eskom.co.za\/wp-content\/uploads\/2022\/12\/2022_integrated_report.pdf","page":"150","notes":""},{"id":"82","station_id":"11","name":"Majuba Power Station","capacity_mw":"713","source":"Eskom Integrated Report 2022","source_link":"https:\/\/www.eskom.co.za\/wp-content\/uploads\/2022\/12\/2022_integrated_report.pdf","page":"150","notes":""},{"id":"83","station_id":"11","name":"Majuba Power Station","capacity_mw":"713","source":"Eskom Integrated Report 2022","source_link":"https:\/\/www.eskom.co.za\/wp-content\/uploads\/2022\/12\/2022_integrated_report.pdf","page":"150","notes":""},{"id":"84","station_id":"11","name":"Majuba Power Station","capacity_mw":"713","source":"Eskom Integrated Report 2022","source_link":"https:\/\/www.eskom.co.za\/wp-content\/uploads\/2022\/12\/2022_integrated_report.pdf","page":"150","notes":""},{"id":"85","station_id":"12","name":"Matimba Power Station","capacity_mw":"665","source":"Eskom Integrated Report 2022","source_link":"https:\/\/www.eskom.co.za\/wp-content\/uploads\/2022\/12\/2022_integrated_report.pdf","page":"150","notes":""},{"id":"86","station_id":"12","name":"Matimba Power Station","capacity_mw":"665","source":"Eskom Integrated Report 2022","source_link":"https:\/\/www.eskom.co.za\/wp-content\/uploads\/2022\/12\/2022_integrated_report.pdf","page":"150","notes":""},{"id":"87","station_id":"12","name":"Matimba Power Station","capacity_mw":"665","source":"Eskom Integrated Report 2022","source_link":"https:\/\/www.eskom.co.za\/wp-content\/uploads\/2022\/12\/2022_integrated_report.pdf","page":"150","notes":""},{"id":"88","station_id":"12","name":"Matimba Power Station","capacity_mw":"665","source":"Eskom Integrated Report 2022","source_link":"https:\/\/www.eskom.co.za\/wp-content\/uploads\/2022\/12\/2022_integrated_report.pdf","page":"150","notes":""},{"id":"89","station_id":"12","name":"Matimba Power Station","capacity_mw":"665","source":"Eskom Integrated Report 2022","source_link":"https:\/\/www.eskom.co.za\/wp-content\/uploads\/2022\/12\/2022_integrated_report.pdf","page":"150","notes":""},{"id":"90","station_id":"12","name":"Matimba Power Station","capacity_mw":"665","source":"Eskom Integrated Report 2022","source_link":"https:\/\/www.eskom.co.za\/wp-content\/uploads\/2022\/12\/2022_integrated_report.pdf","page":"150","notes":""},{"id":"91","station_id":"13","name":"Matla Power Station","capacity_mw":"600","source":"Eskom Integrated Report 2022","source_link":"https:\/\/www.eskom.co.za\/wp-content\/uploads\/2022\/12\/2022_integrated_report.pdf","page":"150","notes":""},{"id":"92","station_id":"13","name":"Matla Power Station","capacity_mw":"600","source":"Eskom Integrated Report 2022","source_link":"https:\/\/www.eskom.co.za\/wp-content\/uploads\/2022\/12\/2022_integrated_report.pdf","page":"150","notes":""},{"id":"93","station_id":"13","name":"Matla Power Station","capacity_mw":"600","source":"Eskom Integrated Report 2022","source_link":"https:\/\/www.eskom.co.za\/wp-content\/uploads\/2022\/12\/2022_integrated_report.pdf","page":"150","notes":""},{"id":"94","station_id":"13","name":"Matla Power Station","capacity_mw":"600","source":"Eskom Integrated Report 2022","source_link":"https:\/\/www.eskom.co.za\/wp-content\/uploads\/2022\/12\/2022_integrated_report.pdf","page":"150","notes":""},{"id":"95","station_id":"13","name":"Matla Power Station","capacity_mw":"600","source":"Eskom Integrated Report 2022","source_link":"https:\/\/www.eskom.co.za\/wp-content\/uploads\/2022\/12\/2022_integrated_report.pdf","page":"150","notes":""},{"id":"96","station_id":"13","name":"Matla Power Station","capacity_mw":"600","source":"Eskom Integrated Report 2022","source_link":"https:\/\/www.eskom.co.za\/wp-content\/uploads\/2022\/12\/2022_integrated_report.pdf","page":"150","notes":""},{"id":"97","station_id":"14","name":"Medupi Power Station","capacity_mw":"794","source":"Eskom Integrated Report 2022","source_link":"https:\/\/www.eskom.co.za\/wp-content\/uploads\/2022\/12\/2022_integrated_report.pdf","page":"150","notes":""},{"id":"98","station_id":"14","name":"Medupi Power Station","capacity_mw":"794","source":"Eskom Integrated Report 2022","source_link":"https:\/\/www.eskom.co.za\/wp-content\/uploads\/2022\/12\/2022_integrated_report.pdf","page":"150","notes":""},{"id":"99","station_id":"14","name":"Medupi Power Station","capacity_mw":"794","source":"Eskom Integrated Report 2022","source_link":"https:\/\/www.eskom.co.za\/wp-content\/uploads\/2022\/12\/2022_integrated_report.pdf","page":"150","notes":""},{"id":"100","station_id":"14","name":"Medupi Power Station","capacity_mw":"794","source":"Eskom Integrated Report 2022","source_link":"https:\/\/www.eskom.co.za\/wp-content\/uploads\/2022\/12\/2022_integrated_report.pdf","page":"150","notes":""},{"id":"101","station_id":"14","name":"Medupi Power Station","capacity_mw":"794","source":"Eskom Integrated Report 2022","source_link":"https:\/\/www.eskom.co.za\/wp-content\/uploads\/2022\/12\/2022_integrated_report.pdf","page":"150","notes":""},{"id":"102","station_id":"14","name":"Medupi Power Station","capacity_mw":"790","source":"Eskom Integrated Report 2023","source_link":"https:\/\/www.eskom.co.za\/wp-content\/uploads\/2023\/10\/Eskom_integrated_report_2023.pdf","page":"150","notes":"Medupi Unit 4 has been placed in extended inoperability from 1 October 2022 to 31 August 2024 and has been removed from the nominal base."},{"id":"103","station_id":"15","name":"Pretoria West Power Station","capacity_mw":"30","source":"Global Energy Monitor","source_link":"https:\/\/www.gem.wiki\/Pretoria_West_power_station","page":"","notes":"mothballed"},{"id":"104","station_id":"15","name":"Pretoria West Power Station","capacity_mw":"30","source":"Global Energy Monitor","source_link":"https:\/\/www.gem.wiki\/Pretoria_West_power_station","page":"","notes":"mothballed"},{"id":"105","station_id":"15","name":"Pretoria West Power Station","capacity_mw":"30","source":"Global Energy Monitor","source_link":"https:\/\/www.gem.wiki\/Pretoria_West_power_station","page":"","notes":"mothballed"},{"id":"106","station_id":"15","name":"Pretoria West Power Station","capacity_mw":"30","source":"Global Energy Monitor","source_link":"https:\/\/www.gem.wiki\/Pretoria_West_power_station","page":"","notes":"mothballed"},{"id":"107","station_id":"15","name":"Pretoria West Power Station","capacity_mw":"30","source":"Global Energy Monitor","source_link":"https:\/\/www.gem.wiki\/Pretoria_West_power_station","page":"","notes":"mothballed"},{"id":"108","station_id":"15","name":"Pretoria West Power Station","capacity_mw":"30","source":"Global Energy Monitor","source_link":"https:\/\/www.gem.wiki\/Pretoria_West_power_station","page":"","notes":"mothballed"},{"id":"109","station_id":"16","name":"Rooiwal Power Station","capacity_mw":"60","source":"Global Energy Monitor","source_link":"https:\/\/www.gem.wiki\/Rooiwal_power_station","page":"","notes":""},{"id":"110","station_id":"16","name":"Rooiwal Power Station","capacity_mw":"60","source":"Global Energy Monitor","source_link":"https:\/\/www.gem.wiki\/Rooiwal_power_station","page":"","notes":""},{"id":"111","station_id":"16","name":"Rooiwal Power Station","capacity_mw":"60","source":"Global Energy Monitor","source_link":"https:\/\/www.gem.wiki\/Rooiwal_power_station","page":"","notes":""},{"id":"112","station_id":"16","name":"Rooiwal Power Station","capacity_mw":"60","source":"Global Energy Monitor","source_link":"https:\/\/www.gem.wiki\/Rooiwal_power_station","page":"","notes":""},{"id":"113","station_id":"16","name":"Rooiwal Power Station","capacity_mw":"60","source":"Global Energy Monitor","source_link":"https:\/\/www.gem.wiki\/Rooiwal_power_station","page":"","notes":""},{"id":"114","station_id":"17","name":"Tutuka Power Station","capacity_mw":"609","source":"Eskom Integrated Report 2022","source_link":"https:\/\/www.eskom.co.za\/wp-content\/uploads\/2022\/12\/2022_integrated_report.pdf","page":"150","notes":""},{"id":"115","station_id":"17","name":"Tutuka Power Station","capacity_mw":"609","source":"Eskom Integrated Report 2022","source_link":"https:\/\/www.eskom.co.za\/wp-content\/uploads\/2022\/12\/2022_integrated_report.pdf","page":"150","notes":""},{"id":"116","station_id":"17","name":"Tutuka Power Station","capacity_mw":"609","source":"Eskom Integrated Report 2022","source_link":"https:\/\/www.eskom.co.za\/wp-content\/uploads\/2022\/12\/2022_integrated_report.pdf","page":"150","notes":""},{"id":"117","station_id":"17","name":"Tutuka Power Station","capacity_mw":"609","source":"Eskom Integrated Report 2022","source_link":"https:\/\/www.eskom.co.za\/wp-content\/uploads\/2022\/12\/2022_integrated_report.pdf","page":"150","notes":""},{"id":"118","station_id":"17","name":"Tutuka Power Station","capacity_mw":"609","source":"Eskom Integrated Report 2022","source_link":"https:\/\/www.eskom.co.za\/wp-content\/uploads\/2022\/12\/2022_integrated_report.pdf","page":"150","notes":""},{"id":"119","station_id":"17","name":"Tutuka Power Station","capacity_mw":"609","source":"Eskom Integrated Report 2022","source_link":"https:\/\/www.eskom.co.za\/wp-content\/uploads\/2022\/12\/2022_integrated_report.pdf","page":"150","notes":""}]