id,station_id,name,capacity_mw,source,source_link,page,notes
0,0,Arnot Power Station,370,Eskom Integrated Report 2022,https://www.eskom.co.za/wp-content/uploads/2022/12/2022_integrated_report.pdf,150,
1,0,Arnot Power Station,370,Eskom Integrated Report 2023,https://www.eskom.co.za/wp-content/uploads/2022/12/2022_integrated_report.pdf,150,
2,0,Arnot Power Station,370,Eskom Integrated Report 2024,https://www.eskom.co.za/wp-content/uploads/2022/12/2022_integrated_report.pdf,150,
3,0,Arnot Power Station,370,Eskom Integrated Report 2025,https://www.eskom.co.za/wp-content/uploads/2022/12/2022_integrated_report.pdf,150,
4,0,Arnot Power Station,370,Eskom Integrated Report 2026,https://www.eskom.co.za/wp-content/uploads/2022/12/2022_integrated_report.pdf,150,
5,0,Arnot Power Station,370,Eskom Integrated Report 2027,https://www.eskom.co.za/wp-content/uploads/2022/12/2022_integrated_report.pdf,150,
6,1,Camden Powwer Station,200,Eskom Integrated Report 2028,https://www.eskom.co.za/wp-content/uploads/2022/12/2022_integrated_report.pdf,150,
7,1,Camden Powwer Station,200,Eskom Integrated Report 2029,https://www.eskom.co.za/wp-content/uploads/2022/12/2022_integrated_report.pdf,150,
8,1,Camden Powwer Station,200,Eskom Integrated Report 2030,https://www.eskom.co.za/wp-content/uploads/2022/12/2022_integrated_report.pdf,150,
9,1,Camden Powwer Station,196,Eskom Integrated Report 2031,https://www.eskom.co.za/wp-content/uploads/2022/12/2022_integrated_report.pdf,150,
10,1,Camden Powwer Station,195,Eskom Integrated Report 2032,https://www.eskom.co.za/wp-content/uploads/2022/12/2022_integrated_report.pdf,150,
11,1,Camden Powwer Station,195,Eskom Integrated Report 2033,https://www.eskom.co.za/wp-content/uploads/2022/12/2022_integrated_report.pdf,150,
12,1,Camden Powwer Station,190,Eskom Integrated Report 2034,https://www.eskom.co.za/wp-content/uploads/2022/12/2022_integrated_report.pdf,150,
13,1,Camden Powwer Station,185,Eskom Integrated Report 2035,https://www.eskom.co.za/wp-content/uploads/2022/12/2022_integrated_report.pdf,150,
14,2,Duvha Power Station,600,Eskom Integrated Report 2022,https://www.eskom.co.za/wp-content/uploads/2022/12/2022_integrated_report.pdf,150,
15,2,Duvha Power Station,600,Eskom Integrated Report 2022,https://www.eskom.co.za/wp-content/uploads/2022/12/2022_integrated_report.pdf,150,
16,2,Duvha Power Station,600,Eskom Integrated Report 2022,https://www.eskom.co.za/wp-content/uploads/2022/12/2022_integrated_report.pdf,150,
17,2,Duvha Power Station,600,Eskom Integrated Report 2022,https://www.eskom.co.za/wp-content/uploads/2022/12/2022_integrated_report.pdf,150,
18,2,Duvha Power Station,600,Eskom Integrated Report 2022,https://www.eskom.co.za/wp-content/uploads/2022/12/2022_integrated_report.pdf,150,
19,3,Grootvlei Power Station,200,Eskom Integrated Report 2022,https://www.eskom.co.za/wp-content/uploads/2022/12/2022_integrated_report.pdf,150,
20,3,Grootvlei Power Station,200,Eskom Integrated Report 2022,https://www.eskom.co.za/wp-content/uploads/2022/12/2022_integrated_report.pdf,150,
21,3,Grootvlei Power Station,200,Eskom Integrated Report 2022,https://www.eskom.co.za/wp-content/uploads/2022/12/2022_integrated_report.pdf,150,
22,3,Grootvlei Power Station,200,Eskom Integrated Report 2022,https://www.eskom.co.za/wp-content/uploads/2022/12/2022_integrated_report.pdf,150,
23,3,Grootvlei Power Station,190,Eskom Integrated Report 2022,https://www.eskom.co.za/wp-content/uploads/2022/12/2022_integrated_report.pdf,150,
24,3,Grootvlei Power Station,190,Eskom Integrated Report 2022,https://www.eskom.co.za/wp-content/uploads/2022/12/2022_integrated_report.pdf,150,
25,4,Hendrina Power Station,200,Eskom Integrated Report 2022,https://www.eskom.co.za/wp-content/uploads/2022/12/2022_integrated_report.pdf,150,
26,4,Hendrina Power Station,200,Eskom Integrated Report 2022,https://www.eskom.co.za/wp-content/uploads/2022/12/2022_integrated_report.pdf,150,
27,4,Hendrina Power Station,200,Eskom Integrated Report 2022,https://www.eskom.co.za/wp-content/uploads/2022/12/2022_integrated_report.pdf,150,
28,4,Hendrina Power Station,200,Eskom Integrated Report 2022,https://www.eskom.co.za/wp-content/uploads/2022/12/2022_integrated_report.pdf,150,
29,4,Hendrina Power Station,200,Eskom Integrated Report 2022,https://www.eskom.co.za/wp-content/uploads/2022/12/2022_integrated_report.pdf,150,
30,4,Hendrina Power Station,195,Eskom Integrated Report 2022,https://www.eskom.co.za/wp-content/uploads/2022/12/2022_integrated_report.pdf,150,
31,4,Hendrina Power Station,191,Eskom Integrated Report 2022,https://www.eskom.co.za/wp-content/uploads/2022/12/2022_integrated_report.pdf,150,
32,4,Hendrina Power Station,170,Eskom Integrated Report 2022,https://www.eskom.co.za/wp-content/uploads/2022/12/2022_integrated_report.pdf,150,
33,4,Hendrina Power Station,167,Eskom Integrated Report 2022,https://www.eskom.co.za/wp-content/uploads/2022/12/2022_integrated_report.pdf,150,
34,5,Kelvin Power Station,30,Wikipedia,https://en.wikipedia.org/wiki/Kelvin_Power_Station,,Units from Station shut down in 2012
35,5,Kelvin Power Station,30,Wikipedia,https://en.wikipedia.org/wiki/Kelvin_Power_Station,,Units from Station shut down in 2012
36,5,Kelvin Power Station,30,Wikipedia,https://en.wikipedia.org/wiki/Kelvin_Power_Station,,Units from Station shut down in 2012
37,5,Kelvin Power Station,30,Wikipedia,https://en.wikipedia.org/wiki/Kelvin_Power_Station,,Units from Station shut down in 2012
38,5,Kelvin Power Station,30,Wikipedia,https://en.wikipedia.org/wiki/Kelvin_Power_Station,,Units from Station shut down in 2012
39,5,Kelvin Power Station,30,Wikipedia,https://en.wikipedia.org/wiki/Kelvin_Power_Station,,Units from Station shut down in 2012
40,5,Kelvin Power Station,60,Wikipedia,https://en.wikipedia.org/wiki/Kelvin_Power_Station,,Units from station b
41,5,Kelvin Power Station,60,Wikipedia,https://en.wikipedia.org/wiki/Kelvin_Power_Station,,Units from station b
42,5,Kelvin Power Station,60,Wikipedia,https://en.wikipedia.org/wiki/Kelvin_Power_Station,,Units from station b
43,5,Kelvin Power Station,60,Wikipedia,https://en.wikipedia.org/wiki/Kelvin_Power_Station,,Units from station b
44,5,Kelvin Power Station,60,Wikipedia,https://en.wikipedia.org/wiki/Kelvin_Power_Station,,Units from station b
45,5,Kelvin Power Station,60,Wikipedia,https://en.wikipedia.org/wiki/Kelvin_Power_Station,,Units from station b
46,6,Kendal Power Station,686,Eskom Integrated Report 2022,https://www.eskom.co.za/wp-content/uploads/2022/12/2022_integrated_report.pdf,150,
47,6,Kendal Power Station,686,Eskom Integrated Report 2022,https://www.eskom.co.za/wp-content/uploads/2022/12/2022_integrated_report.pdf,150,
48,6,Kendal Power Station,686,Eskom Integrated Report 2022,https://www.eskom.co.za/wp-content/uploads/2022/12/2022_integrated_report.pdf,150,
49,6,Kendal Power Station,686,Eskom Integrated Report 2022,https://www.eskom.co.za/wp-content/uploads/2022/12/2022_integrated_report.pdf,150,
50,6,Kendal Power Station,686,Eskom Integrated Report 2022,https://www.eskom.co.za/wp-content/uploads/2022/12/2022_integrated_report.pdf,150,
51,6,Kendal Power Station,686,Eskom Integrated Report 2022,https://www.eskom.co.za/wp-content/uploads/2022/12/2022_integrated_report.pdf,150,
52,7,Komati Power Station,100,Eskom Integrated Report 2022,https://www.eskom.co.za/wp-content/uploads/2022/12/2022_integrated_report.pdf,150,
53,7,Komati Power Station,100,Eskom Integrated Report 2022,https://www.eskom.co.za/wp-content/uploads/2022/12/2022_integrated_report.pdf,150,
54,7,Komati Power Station,100,Eskom Integrated Report 2022,https://www.eskom.co.za/wp-content/uploads/2022/12/2022_integrated_report.pdf,150,
55,7,Komati Power Station,100,Eskom Integrated Report 2022,https://www.eskom.co.za/wp-content/uploads/2022/12/2022_integrated_report.pdf,150,
56,7,Komati Power Station,125,Eskom Integrated Report 2022,https://www.eskom.co.za/wp-content/uploads/2022/12/2022_integrated_report.pdf,150,
57,7,Komati Power Station,125,Eskom Integrated Report 2022,https://www.eskom.co.za/wp-content/uploads/2022/12/2022_integrated_report.pdf,150,
58,7,Komati Power Station,125,Eskom Integrated Report 2022,https://www.eskom.co.za/wp-content/uploads/2022/12/2022_integrated_report.pdf,150,
59,7,Komati Power Station,125,Eskom Integrated Report 2022,https://www.eskom.co.za/wp-content/uploads/2022/12/2022_integrated_report.pdf,150,
60,7,Komati Power Station,90,Eskom Integrated Report 2022,https://www.eskom.co.za/wp-content/uploads/2022/12/2022_integrated_report.pdf,150,
61,8,Kriel Power Station,430,Eskom Integrated Report 2022,https://www.eskom.co.za/wp-content/uploads/2022/12/2022_integrated_report.pdf,150,
62,8,Kriel Power Station,430,Eskom Integrated Report 2023,https://www.eskom.co.za/wp-content/uploads/2023/10/Eskom_integrated_report_2023.pdf,166,
63,8,Kriel Power Station,430,Eskom Integrated Report 2023,https://www.eskom.co.za/wp-content/uploads/2023/10/Eskom_integrated_report_2023.pdf,166,
64,8,Kriel Power Station,500,Eskom Integrated Report 2023,https://www.eskom.co.za/wp-content/uploads/2023/10/Eskom_integrated_report_2023.pdf,166,
65,8,Kriel Power Station,500,Eskom Integrated Report 2022,https://www.eskom.co.za/wp-content/uploads/2022/12/2022_integrated_report.pdf,150,
66,8,Kriel Power Station,500,Eskom Integrated Report 2022,https://www.eskom.co.za/wp-content/uploads/2022/12/2022_integrated_report.pdf,150,
67,9,Kusile Power Station,799,Eskom Integrated Report 2022,https://www.eskom.co.za/wp-content/uploads/2022/12/2022_integrated_report.pdf,150,
68,9,Kusile Power Station,799,Eskom Integrated Report 2022,https://www.eskom.co.za/wp-content/uploads/2022/12/2022_integrated_report.pdf,150,
69,9,Kusile Power Station,799,Eskom Integrated Report 2022,https://www.eskom.co.za/wp-content/uploads/2022/12/2022_integrated_report.pdf,150,
70,9,Kusile Power Station,799,Eskom Integrated Report 2023,https://www.eskom.co.za/wp-content/uploads/2023/10/Eskom_integrated_report_2023.pdf,166,
71,9,Kusile Power Station,800,Eskom Integrated Report 2022,https://www.eskom.co.za/wp-content/uploads/2022/12/2022_integrated_report.pdf,150,
72,9,Kusile Power Station,800,Eskom Integrated Report 2022,https://www.eskom.co.za/wp-content/uploads/2022/12/2022_integrated_report.pdf,150,
73,10,Lethabo Power Station,618,Eskom Integrated Report 2022,https://www.eskom.co.za/wp-content/uploads/2022/12/2022_integrated_report.pdf,150,
74,10,Lethabo Power Station,618,Eskom Integrated Report 2022,https://www.eskom.co.za/wp-content/uploads/2022/12/2022_integrated_report.pdf,150,
75,10,Lethabo Power Station,618,Eskom Integrated Report 2022,https://www.eskom.co.za/wp-content/uploads/2022/12/2022_integrated_report.pdf,150,
76,10,Lethabo Power Station,618,Eskom Integrated Report 2022,https://www.eskom.co.za/wp-content/uploads/2022/12/2022_integrated_report.pdf,150,
77,10,Lethabo Power Station,618,Eskom Integrated Report 2022,https://www.eskom.co.za/wp-content/uploads/2022/12/2022_integrated_report.pdf,150,
78,10,Lethabo Power Station,618,Eskom Integrated Report 2022,https://www.eskom.co.za/wp-content/uploads/2022/12/2022_integrated_report.pdf,150,
79,11,Majuba Power Station,657,Eskom Integrated Report 2022,https://www.eskom.co.za/wp-content/uploads/2022/12/2022_integrated_report.pdf,150,
80,11,Majuba Power Station,657,Eskom Integrated Report 2022,https://www.eskom.co.za/wp-content/uploads/2022/12/2022_integrated_report.pdf,150,
81,11,Majuba Power Station,657,Eskom Integrated Report 2022,https://www.eskom.co.za/wp-content/uploads/2022/12/2022_integrated_report.pdf,150,
82,11,Majuba Power Station,713,Eskom Integrated Report 2022,https://www.eskom.co.za/wp-content/uploads/2022/12/2022_integrated_report.pdf,150,
83,11,Majuba Power Station,713,Eskom Integrated Report 2022,https://www.eskom.co.za/wp-content/uploads/2022/12/2022_integrated_report.pdf,150,
84,11,Majuba Power Station,713,Eskom Integrated Report 2022,https://www.eskom.co.za/wp-content/uploads/2022/12/2022_integrated_report.pdf,150,
85,12,Matimba Power Station,665,Eskom Integrated Report 2022,https://www.eskom.co.za/wp-content/uploads/2022/12/2022_integrated_report.pdf,150,
86,12,Matimba Power Station,665,Eskom Integrated Report 2022,https://www.eskom.co.za/wp-content/uploads/2022/12/2022_integrated_report.pdf,150,
87,12,Matimba Power Station,665,Eskom Integrated Report 2022,https://www.eskom.co.za/wp-content/uploads/2022/12/2022_integrated_report.pdf,150,
88,12,Matimba Power Station,665,Eskom Integrated Report 2022,https://www.eskom.co.za/wp-content/uploads/2022/12/2022_integrated_report.pdf,150,
89,12,Matimba Power Station,665,Eskom Integrated Report 2022,https://www.eskom.co.za/wp-content/uploads/2022/12/2022_integrated_report.pdf,150,
90,12,Matimba Power Station,665,Eskom Integrated Report 2022,https://www.eskom.co.za/wp-content/uploads/2022/12/2022_integrated_report.pdf,150,
91,13,Matla Power Station,600,Eskom Integrated Report 2022,https://www.eskom.co.za/wp-content/uploads/2022/12/2022_integrated_report.pdf,150,
92,13,Matla Power Station,600,Eskom Integrated Report 2022,https://www.eskom.co.za/wp-content/uploads/2022/12/2022_integrated_report.pdf,150,
93,13,Matla Power Station,600,Eskom Integrated Report 2022,https://www.eskom.co.za/wp-content/uploads/2022/12/2022_integrated_report.pdf,150,
94,13,Matla Power Station,600,Eskom Integrated Report 2022,https://www.eskom.co.za/wp-content/uploads/2022/12/2022_integrated_report.pdf,150,
95,13,Matla Power Station,600,Eskom Integrated Report 2022,https://www.eskom.co.za/wp-content/uploads/2022/12/2022_integrated_report.pdf,150,
96,13,Matla Power Station,600,Eskom Integrated Report 2022,https://www.eskom.co.za/wp-content/uploads/2022/12/2022_integrated_report.pdf,150,
97,14,Medupi Power Station,794,Eskom Integrated Report 2022,https://www.eskom.co.za/wp-content/uploads/2022/12/2022_integrated_report.pdf,150,
98,14,Medupi Power Station,794,Eskom Integrated Report 2022,https://www.eskom.co.za/wp-content/uploads/2022/12/2022_integrated_report.pdf,150,
99,14,Medupi Power Station,794,Eskom Integrated Report 2022,https://www.eskom.co.za/wp-content/uploads/2022/12/2022_integrated_report.pdf,150,
100,14,Medupi Power Station,794,Eskom Integrated Report 2022,https://www.eskom.co.za/wp-content/uploads/2022/12/2022_integrated_report.pdf,150,
101,14,Medupi Power Station,794,Eskom Integrated Report 2022,https://www.eskom.co.za/wp-content/uploads/2022/12/2022_integrated_report.pdf,150,
102,14,Medupi Power Station,790,Eskom Integrated Report 2023,https://www.eskom.co.za/wp-content/uploads/2023/10/Eskom_integrated_report_2023.pdf,150,Medupi Unit 4 has been placed in extended inoperability from 1 October 2022 to 31 August 2024 and has been removed from the nominal base.
103,15,Pretoria West Power Station,30,Global Energy Monitor,https://www.gem.wiki/Pretoria_West_power_station,,mothballed
104,15,Pretoria West Power Station,30,Global Energy Monitor,https://www.gem.wiki/Pretoria_West_power_station,,mothballed
105,15,Pretoria West Power Station,30,Global Energy Monitor,https://www.gem.wiki/Pretoria_West_power_station,,mothballed
106,15,Pretoria West Power Station,30,Global Energy Monitor,https://www.gem.wiki/Pretoria_West_power_station,,mothballed
107,15,Pretoria West Power Station,30,Global Energy Monitor,https://www.gem.wiki/Pretoria_West_power_station,,mothballed
108,15,Pretoria West Power Station,30,Global Energy Monitor,https://www.gem.wiki/Pretoria_West_power_station,,mothballed
109,16,Rooiwal Power Station,60,Global Energy Monitor,https://www.gem.wiki/Rooiwal_power_station,,
110,16,Rooiwal Power Station,60,Global Energy Monitor,https://www.gem.wiki/Rooiwal_power_station,,
111,16,Rooiwal Power Station,60,Global Energy Monitor,https://www.gem.wiki/Rooiwal_power_station,,
112,16,Rooiwal Power Station,60,Global Energy Monitor,https://www.gem.wiki/Rooiwal_power_station,,
113,16,Rooiwal Power Station,60,Global Energy Monitor,https://www.gem.wiki/Rooiwal_power_station,,
114,17,Tutuka Power Station,609,Eskom Integrated Report 2022,https://www.eskom.co.za/wp-content/uploads/2022/12/2022_integrated_report.pdf,150,
115,17,Tutuka Power Station,609,Eskom Integrated Report 2022,https://www.eskom.co.za/wp-content/uploads/2022/12/2022_integrated_report.pdf,150,
116,17,Tutuka Power Station,609,Eskom Integrated Report 2022,https://www.eskom.co.za/wp-content/uploads/2022/12/2022_integrated_report.pdf,150,
117,17,Tutuka Power Station,609,Eskom Integrated Report 2022,https://www.eskom.co.za/wp-content/uploads/2022/12/2022_integrated_report.pdf,150,
118,17,Tutuka Power Station,609,Eskom Integrated Report 2022,https://www.eskom.co.za/wp-content/uploads/2022/12/2022_integrated_report.pdf,150,
119,17,Tutuka Power Station,609,Eskom Integrated Report 2022,https://www.eskom.co.za/wp-content/uploads/2022/12/2022_integrated_report.pdf,150,